experiment,rank,design_id,design,airtime_s,distance_m,peak_height_m,final_speed_m_s,landed,truncated,stall_events,launch_speed_m_s,launch_angle_deg,trim_deg,release_height_m,paper_gsm,wind_speed_m_s,wind_direction_deg,turbulence,seed,dt_s,max_time_s
baseline,1,condor,Condor,5.372410114155265,15.928861158178876,2.927097231932335,2.9314969199783185,true,false,1,7,12,0,1.8,80,0,0,0,42,0.008333333333333333,60
baseline,2,wide-glider,Wide Glider,5.106201771120862,15.91337392823187,2.9291100079365915,3.3013077256662178,true,false,1,7,12,0,1.8,80,0,0,0,42,0.008333333333333333,60
baseline,3,nakamura-lock,Nakamura Lock,4.670957399487489,15.528031907084124,2.986153084694811,3.9013409440821,true,false,1,7,12,0,1.8,80,0,0,0,42,0.008333333333333333,60
baseline,4,canard,Canard,4.217338301142482,13.110094592528233,2.8617789749096025,3.7679505249402583,true,false,1,7,12,0,1.8,80,0,0,0,42,0.008333333333333333,60
baseline,5,delta-wing,Delta Wing,4.110049257340624,13.859432462453109,2.910761382321234,4.7526633976878365,true,false,1,7,12,0,1.8,80,0,0,0,42,0.008333333333333333,60
baseline,6,swallow,Swallow,3.937501801727316,12.60474756258187,2.8384554340549824,4.024184125622525,true,false,1,7,12,0,1.8,80,0,0,0,42,0.008333333333333333,60
baseline,7,classic-dart,Classic Dart,3.399620379431511,13.430237807716264,2.7311874624467607,5.65490023144781,true,false,0,7,12,0,1.8,80,0,0,0,42,0.008333333333333333,60
baseline,8,needle,Needle,2.8888387718839,13.015279820695769,2.519389977206607,5.976667534611806,true,false,0,7,12,0,1.8,80,0,0,0,42,0.008333333333333333,60
optimized,1,wide-glider,Wide Glider,6.856440879947995,20.143145356579236,3.023839823414341,2.8152478596349724,true,false,1,8.5,0,2,1.8,80,0,0,0,42,0.008333333333333333,60
optimized,2,condor,Condor,6.709833845665092,17.958915047065542,2.67867749372578,2.6086857735041913,true,false,1,7,0,2,1.8,80,0,0,0,42,0.008333333333333333,60
optimized,3,nakamura-lock,Nakamura Lock,6.458541042977336,20.745744949423386,3.150195474054808,2.9232490828476947,true,false,1,8.5,0,2,1.8,80,0,0,0,42,0.008333333333333333,60
optimized,4,delta-wing,Delta Wing,5.883976071426066,21.96272517250889,3.5153604752543215,3.2806391083887774,true,false,1,10,0,2,1.8,80,0,0,0,42,0.008333333333333333,60
optimized,5,canard,Canard,5.43791179735233,16.933501919626803,2.9410291002715305,2.8325421423487733,true,false,1,8.5,0,2,1.8,80,0,0,0,42,0.008333333333333333,60
optimized,6,swallow,Swallow,4.793019035605219,15.899774711635862,2.904661962991943,3.246477532490643,true,false,1,8.5,0,2,1.8,80,0,0,0,42,0.008333333333333333,60
optimized,7,classic-dart,Classic Dart,4.46014958124203,19.938883102007473,3.529712478990257,5.626771809494846,true,false,1,10,0,2,1.8,80,0,0,0,42,0.008333333333333333,60
optimized,8,needle,Needle,4.0577161096220316,19.948296148811977,3.3032132912390826,6.214870105614254,true,false,0,10,0,2,1.8,80,0,0,0,42,0.008333333333333333,60
optimized_dt_0.004166666666666667,1,wide-glider,Wide Glider,6.868271028908654,20.11099388422502,3.0295860882467363,2.808189634730304,true,false,1,8.5,0,2,1.8,80,0,0,0,42,0.004166666666666667,60
optimized_dt_0.004166666666666667,2,condor,Condor,6.734275717971512,17.958370878767777,2.6843167909308465,2.6011550347102856,true,false,1,7,0,2,1.8,80,0,0,0,42,0.004166666666666667,60
optimized_dt_0.004166666666666667,3,nakamura-lock,Nakamura Lock,6.45932583231285,20.693472001260133,3.1574111731458254,2.9169312418356,true,false,1,8.5,0,2,1.8,80,0,0,0,42,0.004166666666666667,60
optimized_dt_0.004166666666666667,4,delta-wing,Delta Wing,5.899725485180465,21.9779986133596,3.524048474495287,3.2421683050185535,true,false,1,10,0,2,1.8,80,0,0,0,42,0.004166666666666667,60
optimized_dt_0.004166666666666667,5,canard,Canard,5.450664135584598,16.934533202031606,2.947355907871435,2.8127848000473654,true,false,1,8.5,0,2,1.8,80,0,0,0,42,0.004166666666666667,60
optimized_dt_0.004166666666666667,6,swallow,Swallow,4.790275881914926,15.881079696468566,2.91226338243639,3.2272621024165735,true,false,1,8.5,0,2,1.8,80,0,0,0,42,0.004166666666666667,60
optimized_dt_0.004166666666666667,7,classic-dart,Classic Dart,4.464046152552526,19.95547540979047,3.5417021692278174,5.616739619115093,true,false,1,10,0,2,1.8,80,0,0,0,42,0.004166666666666667,60
optimized_dt_0.004166666666666667,8,needle,Needle,4.0593159614513565,19.918153255912102,3.313437222912147,6.217515706852663,true,false,0,10,0,2,1.8,80,0,0,0,42,0.004166666666666667,60
optimized_dt_0.0020833333333333333,1,wide-glider,Wide Glider,6.8659290953997605,20.0897767865101,3.0331962294478982,2.8065593739528434,true,false,1,8.5,0,2,1.8,80,0,0,0,42,0.0020833333333333333,60
optimized_dt_0.0020833333333333333,2,condor,Condor,6.7381484051706515,17.953221932672637,2.686773397827922,2.5993857840856363,true,false,1,7,0,2,1.8,80,0,0,0,42,0.0020833333333333333,60
optimized_dt_0.0020833333333333333,3,nakamura-lock,Nakamura Lock,6.457343831663823,20.674457791582316,3.1601972834871868,2.914852495635402,true,false,1,8.5,0,2,1.8,80,0,0,0,42,0.0020833333333333333,60
optimized_dt_0.0020833333333333333,4,delta-wing,Delta Wing,5.900524814765258,21.971843976053155,3.5275697258422425,3.23366393531441,true,false,1,10,0,2,1.8,80,0,0,0,42,0.0020833333333333333,60
optimized_dt_0.0020833333333333333,5,canard,Canard,5.452264470222632,16.930218953526598,2.9498580582427505,2.808121039973179,true,false,1,8.5,0,2,1.8,80,0,0,0,42,0.0020833333333333333,60
optimized_dt_0.0020833333333333333,6,swallow,Swallow,4.7896236638052425,15.875433826523668,2.9141636913376425,3.2230473911027775,true,false,1,8.5,0,2,1.8,80,0,0,0,42,0.0020833333333333333,60
optimized_dt_0.0020833333333333333,7,classic-dart,Classic Dart,4.465341487886306,19.9605195097657,3.5443728688731566,5.614030607574368,true,false,1,10,0,2,1.8,80,0,0,0,42,0.0020833333333333333,60
optimized_dt_0.0020833333333333333,8,needle,Needle,4.05994597106497,19.911624657824078,3.315791156354268,6.217854594684809,true,false,0,10,0,2,1.8,80,0,0,0,42,0.0020833333333333333,60
